Date,Performance Score,Quality Index,User Satisfaction
2025-06-29,85.2,92.5,78.9
2025-06-30,86.1,93.1,79.2
2025-07-01,84.7,91.8,76.1
2025-07-02,81.3,90.2,77.5
2025-07-03,82.8,91.5,78.8
2025-07-04,83.9,92.8,79.1
2025-07-05,85.1,93.2,80.3
2025-07-06,84.6,92.1,78.7
2025-07-07,86.2,94.1,81.2
2025-07-08,87.3,93.8,82.1
2025-07-09,85.8,92.6,80.9
2025-07-10,84.2,91.9,79.8
2025-07-11,83.1,90.8,78.4
2025-07-12,85.7,93.4,81.6
2025-07-13,86.9,94.2,82.8
2025-07-14,85.3,92.7,80.1
2025-07-15,84.8,91.3,79.5
2025-07-16,83.6,90.9,78.9
2025-07-17,85.4,92.1,80.7
2025-07-18,86.8,93.6,81.9
2025-07-19,85.9,92.3,80.4
2025-07-20,84.1,91.7,79.2
2025-07-21,83.7,90.5,78.6
2025-07-22,85.2,92.9,81.1
2025-07-23,86.5,93.7,82.3
2025-07-24,85.8,92.4,80.8
2025-07-25,84.9,91.8,79.7
2025-07-26,83.4,90.6,78.3
2025-07-27,85.1,92.2,80.9
2025-07-28,86.3,93.1,81.7
2025-07-29,85.6,92.8,80.5
2025-07-30,84.7,91.5,79.8
2025-07-31,83.9,90.9,78.9
2025-08-01,85.3,92.6,81.2
2025-08-02,86.7,93.4,82.1
2025-08-03,85.1,92.1,80.6
2025-08-04,84.5,91.7,79.4
2025-08-05,83.2,90.3,78.1
2025-08-06,85.8,92.8,81.3
2025-08-07,86.9,93.9,82.5
2025-08-08,85.4,92.3,80.7
2025-08-09,84.8,91.9,79.9
2025-08-10,83.6,90.7,78.5
2025-08-11,85.2,92.5,81.0
2025-08-12,86.4,93.2,81.8
2025-08-13,85.7,92.7,80.3
2025-08-14,84.3,91.4,79.6
2025-08-15,83.8,90.8,78.7
2025-08-16,85.5,92.1,80.9
2025-08-17,86.1,93.5,81.6
2025-08-18,85.9,92.9,80.8
2025-08-19,84.6,91.6,79.3
2025-08-20,83.1,90.2,78.4
2025-08-21,85.0,92.4,80.7
2025-08-22,86.2,93.1,81.9
2025-08-23,85.8,92.6,80.5
2025-08-24,84.4,91.8,79.7
2025-08-25,83.7,90.9,78.8
2025-08-26,85.3,92.3,81.1
2025-08-27,86.5,93.7,82.2
2025-08-28,85.6,92.8,80.9
2025-08-29,84.9,91.5,79.8
